{
  "configVersion": 1,
  "timestamp": 1600018207924,
  "index": "/index.html",
  "assetGroups": [
    {
      "name": "app",
      "installMode": "prefetch",
      "updateMode": "prefetch",
      "cacheQueryOptions": {
        "ignoreVary": true
      },
      "urls": [
        "/10-es2015.513c85f1e4bbd7321249.js",
        "/10-es5.513c85f1e4bbd7321249.js",
        "/11-es2015.f75ad38695be141588fb.js",
        "/11-es5.f75ad38695be141588fb.js",
        "/12-es2015.e4637196ae285dd15a3e.js",
        "/12-es5.e4637196ae285dd15a3e.js",
        "/13-es2015.4d793472fac16c018d92.js",
        "/13-es5.4d793472fac16c018d92.js",
        "/14-es2015.7fcaa3c193a51f2734fb.js",
        "/14-es5.7fcaa3c193a51f2734fb.js",
        "/15-es2015.651d83056755cceaef1b.js",
        "/15-es5.651d83056755cceaef1b.js",
        "/16-es2015.e2f2e16043c493853aef.js",
        "/16-es5.e2f2e16043c493853aef.js",
        "/17-es2015.a93a6acad282b77330b1.js",
        "/17-es5.a93a6acad282b77330b1.js",
        "/18-es2015.cd186c6caa66f0997560.js",
        "/18-es5.cd186c6caa66f0997560.js",
        "/19-es2015.9b48afe3f376bb0540fe.js",
        "/19-es5.9b48afe3f376bb0540fe.js",
        "/2-es2015.248eb961d29c5d8b7a15.js",
        "/2-es5.248eb961d29c5d8b7a15.js",
        "/20-es2015.f3f02b87b94dea4a8fc8.js",
        "/20-es5.f3f02b87b94dea4a8fc8.js",
        "/21-es2015.98d5b18f4bd874dd341c.js",
        "/21-es5.98d5b18f4bd874dd341c.js",
        "/22-es2015.ea3f50822069ddafc7fa.js",
        "/22-es5.ea3f50822069ddafc7fa.js",
        "/23-es2015.a70a1cd75f6f010ddb2a.js",
        "/23-es5.a70a1cd75f6f010ddb2a.js",
        "/24-es2015.d2f21d38a4e94d8cc109.js",
        "/24-es5.d2f21d38a4e94d8cc109.js",
        "/25-es2015.4a72cca8bfc0f956a5f0.js",
        "/25-es5.4a72cca8bfc0f956a5f0.js",
        "/26-es2015.7396dc7226d00b53a8f0.js",
        "/26-es5.7396dc7226d00b53a8f0.js",
        "/27-es2015.f6b1fd8cddedca460c45.js",
        "/27-es5.f6b1fd8cddedca460c45.js",
        "/28-es2015.c23004792a5d9ca1c844.js",
        "/28-es5.c23004792a5d9ca1c844.js",
        "/29-es2015.2a4152316b897eb3e542.js",
        "/29-es5.2a4152316b897eb3e542.js",
        "/30-es2015.ac06f5d45247dfb4816b.js",
        "/30-es5.ac06f5d45247dfb4816b.js",
        "/31-es2015.201cbc32f056732c22e4.js",
        "/31-es5.201cbc32f056732c22e4.js",
        "/32-es2015.be42ffc241b7116609d7.js",
        "/32-es5.be42ffc241b7116609d7.js",
        "/33-es2015.d926810302a1f61e6fe6.js",
        "/33-es5.d926810302a1f61e6fe6.js",
        "/34-es2015.41872af9471c7a2ee1ef.js",
        "/34-es5.41872af9471c7a2ee1ef.js",
        "/35-es2015.2ef98e41ddf5bf5e5d0a.js",
        "/35-es5.2ef98e41ddf5bf5e5d0a.js",
        "/36-es2015.5e7e2a5b3e3749e6d76f.js",
        "/36-es5.5e7e2a5b3e3749e6d76f.js",
        "/37-es2015.f56c906f1a21c637c9a3.js",
        "/37-es5.f56c906f1a21c637c9a3.js",
        "/38-es2015.efd22f207475d024e6a8.js",
        "/38-es5.efd22f207475d024e6a8.js",
        "/39-es2015.fb5c6cb66cd486a01066.js",
        "/39-es5.fb5c6cb66cd486a01066.js",
        "/40-es2015.da56951d8da1907edbb8.js",
        "/40-es5.da56951d8da1907edbb8.js",
        "/41-es2015.615bd7885d3fd1a4d9a2.js",
        "/41-es5.615bd7885d3fd1a4d9a2.js",
        "/42-es2015.062246986bf66793bb9e.js",
        "/42-es5.062246986bf66793bb9e.js",
        "/43-es2015.42c39c51e1a69e1026a7.js",
        "/43-es5.42c39c51e1a69e1026a7.js",
        "/44-es2015.1328684b0a38f5085ddf.js",
        "/44-es5.1328684b0a38f5085ddf.js",
        "/45-es2015.c57e04751b1cb1bb5c8e.js",
        "/45-es5.c57e04751b1cb1bb5c8e.js",
        "/46-es2015.9a7e07673df74703581f.js",
        "/46-es5.9a7e07673df74703581f.js",
        "/47-es2015.1f8b210b012e4e01c0c4.js",
        "/47-es5.1f8b210b012e4e01c0c4.js",
        "/48-es2015.60bdb00f58023d3c3672.js",
        "/48-es5.60bdb00f58023d3c3672.js",
        "/49-es2015.7e6fc9dd0da780c4d823.js",
        "/49-es5.7e6fc9dd0da780c4d823.js",
        "/50-es2015.22c06c8dd5a35437830b.js",
        "/50-es5.22c06c8dd5a35437830b.js",
        "/51-es2015.8b5eb8a1b66f43d2d562.js",
        "/51-es5.8b5eb8a1b66f43d2d562.js",
        "/52-es2015.851974dd91aa9d9bd0aa.js",
        "/52-es5.851974dd91aa9d9bd0aa.js",
        "/53-es2015.b7a5169eff53e78a7356.js",
        "/53-es5.b7a5169eff53e78a7356.js",
        "/54-es2015.ab05403e30daba330d97.js",
        "/54-es5.ab05403e30daba330d97.js",
        "/55-es2015.16e0df8894ed8c4bc5d4.js",
        "/55-es5.16e0df8894ed8c4bc5d4.js",
        "/56-es2015.3145e06c7d4af3c775fc.js",
        "/56-es5.3145e06c7d4af3c775fc.js",
        "/57-es2015.e1226c5e6ddcb71326b5.js",
        "/57-es5.e1226c5e6ddcb71326b5.js",
        "/58-es2015.2f966fbe134c309dcaa1.js",
        "/58-es5.2f966fbe134c309dcaa1.js",
        "/59-es2015.7e7686ace0d5b06e5f0b.js",
        "/59-es5.7e7686ace0d5b06e5f0b.js",
        "/60-es2015.efa6c47d0f187afdd60a.js",
        "/60-es5.efa6c47d0f187afdd60a.js",
        "/61-es2015.9c5d344bd2b8eff75b7c.js",
        "/61-es5.9c5d344bd2b8eff75b7c.js",
        "/62-es2015.64650e7ae69c773d9460.js",
        "/62-es5.64650e7ae69c773d9460.js",
        "/63-es2015.7baf57f2db7a59592c40.js",
        "/63-es5.7baf57f2db7a59592c40.js",
        "/common-es2015.06aa263e4d987d082e38.js",
        "/common-es5.06aa263e4d987d082e38.js",
        "/index.html",
        "/main-es2015.330386400622cc9c4af7.js",
        "/main-es5.330386400622cc9c4af7.js",
        "/manifest.webmanifest",
        "/polyfills-core-js-es2015.80056137ebe59535433d.js",
        "/polyfills-core-js-es5.80056137ebe59535433d.js",
        "/polyfills-css-shim-es2015.98fe1a8ec5e4e3e68157.js",
        "/polyfills-css-shim-es5.98fe1a8ec5e4e3e68157.js",
        "/polyfills-dom-es2015.c126e028fed908826f89.js",
        "/polyfills-dom-es5.c126e028fed908826f89.js",
        "/polyfills-es2015.d7ad1820da61cda6054a.js",
        "/polyfills-es5.9d7adf4ffc856dcd94d8.js",
        "/runtime-es2015.3c9efc8a0e2d44fe21ed.js",
        "/runtime-es5.3c9efc8a0e2d44fe21ed.js",
        "/styles.87dd3c9a689f3ce2e3d6.css"
      ],
      "patterns": []
    },
    {
      "name": "assets",
      "installMode": "lazy",
      "updateMode": "prefetch",
      "cacheQueryOptions": {
        "ignoreVary": true
      },
      "urls": [
        "/assets/icon/favicon.png",
        "/assets/icons/icon-128x128.png",
        "/assets/icons/icon-144x144.png",
        "/assets/icons/icon-152x152.png",
        "/assets/icons/icon-192x192.png",
        "/assets/icons/icon-384x384.png",
        "/assets/icons/icon-512x512.png",
        "/assets/icons/icon-72x72.png",
        "/assets/icons/icon-96x96.png",
        "/assets/shapes.svg"
      ],
      "patterns": []
    }
  ],
  "dataGroups": [],
  "hashTable": {
    "/10-es2015.513c85f1e4bbd7321249.js": "22e45167896d0e59749eba68b7be048aa232241d",
    "/10-es5.513c85f1e4bbd7321249.js": "74bdb9f3200a2828379b1af89a326ee8578d8f59",
    "/11-es2015.f75ad38695be141588fb.js": "a4894b6ddaf2cb24bb41f8cd29403c9a67ba41ad",
    "/11-es5.f75ad38695be141588fb.js": "01bf295429e3ce8a661c93b60252e7317f35eaf3",
    "/12-es2015.e4637196ae285dd15a3e.js": "4538a050926de7cdecd22fc222bf6f3f31f7d1a9",
    "/12-es5.e4637196ae285dd15a3e.js": "97d90ad87c8dec70ea937aa96be6ce8be80654ed",
    "/13-es2015.4d793472fac16c018d92.js": "a210fd15fdbd9ed14f8d69c28b863fd453547d9f",
    "/13-es5.4d793472fac16c018d92.js": "0fc73ed89b09d03987df3db4f29f11d1f9eec7c3",
    "/14-es2015.7fcaa3c193a51f2734fb.js": "e24446ea90678bcda595e4dce5a0ded440ea5c3b",
    "/14-es5.7fcaa3c193a51f2734fb.js": "e0bc8f9fa72f9505b33d75ef660b0502d1fb9af2",
    "/15-es2015.651d83056755cceaef1b.js": "066ec55d436423ef884b98bbaedb29926fa5c349",
    "/15-es5.651d83056755cceaef1b.js": "71af5024152c27d2047a383e00e5fa7555969afa",
    "/16-es2015.e2f2e16043c493853aef.js": "08ed7e888b9b4dfdacbda8850575801920f0335f",
    "/16-es5.e2f2e16043c493853aef.js": "15ae0da405848176a3acadd21eb95cebbc081c70",
    "/17-es2015.a93a6acad282b77330b1.js": "f7db74b39a4d267fcc3808113594d08ea63048af",
    "/17-es5.a93a6acad282b77330b1.js": "cb00fde339e0cd26296499218f01f56560572ea1",
    "/18-es2015.cd186c6caa66f0997560.js": "c8ba17699e02ad0ce5e883eb9b8a2babbf350cdf",
    "/18-es5.cd186c6caa66f0997560.js": "0798e342bc8aa56973889f0140434efaa732bd70",
    "/19-es2015.9b48afe3f376bb0540fe.js": "920b2f02edc3ed4b8e0842ecd9597e49caa08f7f",
    "/19-es5.9b48afe3f376bb0540fe.js": "238b31a6b02850f370d59ce88f0d0d9328251bc3",
    "/2-es2015.248eb961d29c5d8b7a15.js": "5bedccd21b2108e4bad23be31ce16ae5edf68a4b",
    "/2-es5.248eb961d29c5d8b7a15.js": "b0106ace2bee2ab3e9e7fb27a867869ec9d74010",
    "/20-es2015.f3f02b87b94dea4a8fc8.js": "84241ff18a8bd07c055a99333ab3e44e03e71a02",
    "/20-es5.f3f02b87b94dea4a8fc8.js": "f8a8162dc257e8cda234309d1d740363a8ca6f65",
    "/21-es2015.98d5b18f4bd874dd341c.js": "6423498f4e8e731588083761c60544305abbf01e",
    "/21-es5.98d5b18f4bd874dd341c.js": "8755662eae5421b35879ba684fd74808821e2f23",
    "/22-es2015.ea3f50822069ddafc7fa.js": "7fc4bdfe5fc47d154342aac95145a802f2b8661d",
    "/22-es5.ea3f50822069ddafc7fa.js": "9ba3d4582e675b89b69549b1a07771adbd031153",
    "/23-es2015.a70a1cd75f6f010ddb2a.js": "dc9327ca2d5b37d40faf99f9aa94efe4fee69949",
    "/23-es5.a70a1cd75f6f010ddb2a.js": "6736792b212a592b3fe807ebc3db4244476255ac",
    "/24-es2015.d2f21d38a4e94d8cc109.js": "c55d257406af3f42c6b1234326074ccf3f9fd693",
    "/24-es5.d2f21d38a4e94d8cc109.js": "12a8027e136eb337f39fce8dd270fcc93d2c5ef7",
    "/25-es2015.4a72cca8bfc0f956a5f0.js": "81776fec8cdde36c458c5bacd26757e3e260fa0a",
    "/25-es5.4a72cca8bfc0f956a5f0.js": "dc18469a148ff4cc430d113f24501c15680d45f0",
    "/26-es2015.7396dc7226d00b53a8f0.js": "cdb2b53128c61d008352632ec02024e3833f6379",
    "/26-es5.7396dc7226d00b53a8f0.js": "281840f5e6f80f77acf0a43a86f69f6bcfa5af65",
    "/27-es2015.f6b1fd8cddedca460c45.js": "bc2985bb2dfbcc36ef0b6b83def2a7b8cdc30eff",
    "/27-es5.f6b1fd8cddedca460c45.js": "2ce268bb099d9128fd2a666657d9ebb0a6e237aa",
    "/28-es2015.c23004792a5d9ca1c844.js": "a4b3efd283eb28b7a80931d59faea1bc233887fb",
    "/28-es5.c23004792a5d9ca1c844.js": "47510e3c558223427e637025b20f49acb0e42b7b",
    "/29-es2015.2a4152316b897eb3e542.js": "0f9ad70bae3a0bdaaa785beeeb3d285f96e44c03",
    "/29-es5.2a4152316b897eb3e542.js": "1f993d896a4f6e9b3d1a882acdfc983f839a38a8",
    "/30-es2015.ac06f5d45247dfb4816b.js": "044355f692557ce3351ac417cad550f26bf2d5dd",
    "/30-es5.ac06f5d45247dfb4816b.js": "93b45b8d2cf86a58c106c64f4a9e7c237dcec4ac",
    "/31-es2015.201cbc32f056732c22e4.js": "eb23255a29dd53c2723da84d231fc3bc01c8c499",
    "/31-es5.201cbc32f056732c22e4.js": "5cc27decaa53292d7ac20fde458ce2b2eb75a896",
    "/32-es2015.be42ffc241b7116609d7.js": "8213005714a3becfe9755f43b3476f5d8da25d94",
    "/32-es5.be42ffc241b7116609d7.js": "4c5dc2d44822183f5e419704aa6f63219791c912",
    "/33-es2015.d926810302a1f61e6fe6.js": "9bc611e157ef36184bd521f3bcee3f1c60c29166",
    "/33-es5.d926810302a1f61e6fe6.js": "4e6de82f8432af01a2e6bcea8e254479e8a9d396",
    "/34-es2015.41872af9471c7a2ee1ef.js": "0d41ebfc646ac99f04d1f592fc260fbefcc57558",
    "/34-es5.41872af9471c7a2ee1ef.js": "76013ca35f122ff42d6c642b4c227e678d65d4af",
    "/35-es2015.2ef98e41ddf5bf5e5d0a.js": "2cea8ff0d2d132e75e1b5a6851c799f41de57e8d",
    "/35-es5.2ef98e41ddf5bf5e5d0a.js": "1d3e6942a496997a12c3794ee42fadd9eab39110",
    "/36-es2015.5e7e2a5b3e3749e6d76f.js": "9fd46b7dc110b6ae3c278e8394c5d29ae5ec45de",
    "/36-es5.5e7e2a5b3e3749e6d76f.js": "2e0a5d0eefd5584f136d568fb2020677516230c7",
    "/37-es2015.f56c906f1a21c637c9a3.js": "89161456c4b2df5e221f94ac2ed6a5bdad2aeeb7",
    "/37-es5.f56c906f1a21c637c9a3.js": "6794da453ad2aadd97ee73cd4495288dd43dfed3",
    "/38-es2015.efd22f207475d024e6a8.js": "4ac7f11a9823c669bc5b187397c70fa422b34438",
    "/38-es5.efd22f207475d024e6a8.js": "d7ff6bfa83d52d9f6f70b2ca2fd6fe2842e4ad81",
    "/39-es2015.fb5c6cb66cd486a01066.js": "2e0e944adaced24c830396f1ee3c2211079e3a71",
    "/39-es5.fb5c6cb66cd486a01066.js": "20d03bca1830f1f09764ff40c8af5b8c693408b3",
    "/40-es2015.da56951d8da1907edbb8.js": "3a45deb3f36bb473655909f3b3ebef9d8cc8e01f",
    "/40-es5.da56951d8da1907edbb8.js": "cac0066aa5ce186dc7b34c0de4b283d85ede93ad",
    "/41-es2015.615bd7885d3fd1a4d9a2.js": "9e2981cd587f86e34acc36e2994a16e1239888f2",
    "/41-es5.615bd7885d3fd1a4d9a2.js": "ed99fcdaddca0a2bd8d33c6c786709f77a38f3bc",
    "/42-es2015.062246986bf66793bb9e.js": "1e8ac63dbfac618a8632427d37600fd03f55d991",
    "/42-es5.062246986bf66793bb9e.js": "2558729de362a40560aaf13bc669db24d737e0e8",
    "/43-es2015.42c39c51e1a69e1026a7.js": "e8b4964c27c284b285df698327ae1d77a621b8ca",
    "/43-es5.42c39c51e1a69e1026a7.js": "fef7b83d8d2b04ae6f3889cffd193254cd4d1721",
    "/44-es2015.1328684b0a38f5085ddf.js": "d64a983cad35787a76ac3fbf7ffde9686fe8b5fe",
    "/44-es5.1328684b0a38f5085ddf.js": "adc1241d67edcdc81eebe218f351ead903ed49a5",
    "/45-es2015.c57e04751b1cb1bb5c8e.js": "dc129fc2f6a2f373447c6fa6ae28a35d5f1cafa6",
    "/45-es5.c57e04751b1cb1bb5c8e.js": "c5194c4ebc19ef2d433cc17fec9b793b5cdd04ff",
    "/46-es2015.9a7e07673df74703581f.js": "73bdb48de50b1709ef698ba6d2558783601d352b",
    "/46-es5.9a7e07673df74703581f.js": "0e0c7cfbb9259cc73468988b7a76ed4dc2707615",
    "/47-es2015.1f8b210b012e4e01c0c4.js": "dbccd8e3cc20ab68b044efb715226f4f6159474f",
    "/47-es5.1f8b210b012e4e01c0c4.js": "8d7926e7977facdb83b86d6a227cad468c57976d",
    "/48-es2015.60bdb00f58023d3c3672.js": "bd5c9d8c01930161d92595d76388161397b2e7b5",
    "/48-es5.60bdb00f58023d3c3672.js": "7738eda462b7e3646f31f7d75b9972a35d8a66f8",
    "/49-es2015.7e6fc9dd0da780c4d823.js": "829ddf3adeb2a89ca32736b83377b64641868aae",
    "/49-es5.7e6fc9dd0da780c4d823.js": "cc65e293f3c3e479b720b74b35760d5d57bf2d4e",
    "/50-es2015.22c06c8dd5a35437830b.js": "d61557ada58c4f572a14bfab40bc5850233c4058",
    "/50-es5.22c06c8dd5a35437830b.js": "601acc925e71432c06fd1b4a0ff27b29c3ab3709",
    "/51-es2015.8b5eb8a1b66f43d2d562.js": "b8c674232f592a0eae3182da7e1c57f57a41b05f",
    "/51-es5.8b5eb8a1b66f43d2d562.js": "cbf3e3c8c3c0cc4fdefcdae85b8ec06ebf186668",
    "/52-es2015.851974dd91aa9d9bd0aa.js": "201110670a0535f347348242b72b0127acc2bb0c",
    "/52-es5.851974dd91aa9d9bd0aa.js": "cfb11862925905fab8e574e6136551206298114a",
    "/53-es2015.b7a5169eff53e78a7356.js": "863f8aa32ce9709d78b9141105f69fd09512138c",
    "/53-es5.b7a5169eff53e78a7356.js": "c31492a45a02fd2faa0bd282056ecf415fc11524",
    "/54-es2015.ab05403e30daba330d97.js": "c356e04ec8ec4097d5439d34d90bc35073396a63",
    "/54-es5.ab05403e30daba330d97.js": "e66af1b6016fd9c4ecb6cabaf6699a6eac579d64",
    "/55-es2015.16e0df8894ed8c4bc5d4.js": "9835bea9fd2adc3e1eff2e4d3016b3c51be02121",
    "/55-es5.16e0df8894ed8c4bc5d4.js": "e670279d0f72c3cde017b20c1d57b07d65e9d88b",
    "/56-es2015.3145e06c7d4af3c775fc.js": "2865e2b7b9e4e3fc755ae9cfa89a96eaea1cd7ef",
    "/56-es5.3145e06c7d4af3c775fc.js": "d3c833f8efc469832a9d396aa05e45123ec11823",
    "/57-es2015.e1226c5e6ddcb71326b5.js": "be6af29bdd08504f14fe924e1f742a2773c7f08f",
    "/57-es5.e1226c5e6ddcb71326b5.js": "a0613de4ecea28e332ae2042bcc3b6714325f630",
    "/58-es2015.2f966fbe134c309dcaa1.js": "1aadf70b38a9d2211d2ab317c8809c2a8ad92f15",
    "/58-es5.2f966fbe134c309dcaa1.js": "ce7538327e3a838b5ef40a2123e25731e2e75355",
    "/59-es2015.7e7686ace0d5b06e5f0b.js": "6fd33f9dc6f2e2c5da1bdfcf9803e09685fcbd94",
    "/59-es5.7e7686ace0d5b06e5f0b.js": "6b70c05c72791e6029169b825843f6efdde360ca",
    "/60-es2015.efa6c47d0f187afdd60a.js": "05062fa12d62babc59dea0444cdc6ff300cda554",
    "/60-es5.efa6c47d0f187afdd60a.js": "e1b2ef52015421c20b4adba7700994756258dc30",
    "/61-es2015.9c5d344bd2b8eff75b7c.js": "bed0ee7ed01f96f0af0e983f88e38d7582c9a64e",
    "/61-es5.9c5d344bd2b8eff75b7c.js": "73d77ad40545e3a1c97898df38e9bb5b14c3c735",
    "/62-es2015.64650e7ae69c773d9460.js": "b2da6a528edd14fc0808a04313466050adadb727",
    "/62-es5.64650e7ae69c773d9460.js": "de384e1838c2c5f5a42ad98710cdda1cf3e7c003",
    "/63-es2015.7baf57f2db7a59592c40.js": "a4878f3777b497104be8bac2fbbf35ea601e9fcd",
    "/63-es5.7baf57f2db7a59592c40.js": "0ec8c5cfeb02d054a891da80f470de5ef42398ed",
    "/assets/icon/favicon.png": "7798b8e0eb61d7375c245af78bbf5c916932bf13",
    "/assets/icons/icon-128x128.png": "dae3b6ed49bdaf4327b92531d4b5b4a5d30c7532",
    "/assets/icons/icon-144x144.png": "b0bd89982e08f9bd2b642928f5391915b74799a7",
    "/assets/icons/icon-152x152.png": "7479a9477815dfd9668d60f8b3b2fba709b91310",
    "/assets/icons/icon-192x192.png": "1abd80d431a237a853ce38147d8c63752f10933b",
    "/assets/icons/icon-384x384.png": "329749cd6393768d3131ed6304c136b1ca05f2fd",
    "/assets/icons/icon-512x512.png": "559d9c4318b45a1f2b10596bbb4c960fe521dbcc",
    "/assets/icons/icon-72x72.png": "c457e56089a36952cd67156f9996bc4ce54a5ed9",
    "/assets/icons/icon-96x96.png": "3914125a4b445bf111c5627875fc190f560daa41",
    "/assets/shapes.svg": "5413e95adabcb2cb639970051f55e0ddb64ace53",
    "/common-es2015.06aa263e4d987d082e38.js": "2d3dbb5e20b18c3e63b32647ad6ed4d2a90be96b",
    "/common-es5.06aa263e4d987d082e38.js": "871796c63ce1ab0a4ec545f4ee283ccac5f2b8aa",
    "/index.html": "82c59c4cfc8fd048b7fd061c543a9ed12261bd7d",
    "/main-es2015.330386400622cc9c4af7.js": "5feed6ab770f33ff0909cc86458c7d3f4acdfaa3",
    "/main-es5.330386400622cc9c4af7.js": "eb220054ed0f4ae0473d797cc76151a41490b0cf",
    "/manifest.webmanifest": "d3d2a84d5c8e487345c5b5f8321622811781f0d8",
    "/polyfills-core-js-es2015.80056137ebe59535433d.js": "f007c630c357ee7eeec2289a6cfc013dbcbe6fe9",
    "/polyfills-core-js-es5.80056137ebe59535433d.js": "8531ee642b05d9e12e859babeaec61c2b1c1e57a",
    "/polyfills-css-shim-es2015.98fe1a8ec5e4e3e68157.js": "5ee260a7051a19dcf88aeaed726570fa19ac1d4c",
    "/polyfills-css-shim-es5.98fe1a8ec5e4e3e68157.js": "5ea76e57ad872a74ef6c151f53fc4f5a54f9bfe1",
    "/polyfills-dom-es2015.c126e028fed908826f89.js": "50e795de8617f137b6640a5f3b7c432dd75900f1",
    "/polyfills-dom-es5.c126e028fed908826f89.js": "50e795de8617f137b6640a5f3b7c432dd75900f1",
    "/polyfills-es2015.d7ad1820da61cda6054a.js": "2d42951327cfeb6418061c4c2bac30ef0f5ab990",
    "/polyfills-es5.9d7adf4ffc856dcd94d8.js": "33b3388bcb4a90d4dc6551bc2a5ae3541c0f7893",
    "/runtime-es2015.3c9efc8a0e2d44fe21ed.js": "3bbc115ba7077e3be6a1d8f20fc61dc76198b224",
    "/runtime-es5.3c9efc8a0e2d44fe21ed.js": "39c701e20c62729f7018f3711bf9542407211729",
    "/styles.87dd3c9a689f3ce2e3d6.css": "20f932835f2b17131fed833aa203f5d216cb4ab4"
  },
  "navigationUrls": [
    {
      "positive": true,
      "regex": "^\\/.*$"
    },
    {
      "positive": false,
      "regex": "^\\/(?:.+\\/)?[^/]*\\.[^/]*$"
    },
    {
      "positive": false,
      "regex": "^\\/(?:.+\\/)?[^/]*__[^/]*$"
    },
    {
      "positive": false,
      "regex": "^\\/(?:.+\\/)?[^/]*__[^/]*\\/.*$"
    }
  ]
}